<?xml version="1.0" encoding="UTF-8" standalone="no"?><DMCISettings><Settings><Setting>
 <ID>00</ID>
<VarValue>3</VarValue>
<ArrowIncrement>1</ArrowIncrement>
<PageIncrement>5</PageIncrement>
<AlternateLabel/>
<ApplyRuntime>false</ApplyRuntime>
<DisableRealTime>false</DisableRealTime>
<Enabled>true</Enabled>
<Configured>true</Configured>
<Reset/>
<AllowRefresh>true</AllowRefresh>
<DisableNativeRTNotify>false</DisableNativeRTNotify>
<DataSize>16 Bits</DataSize>
<DataRange>Signed</DataRange>
<DisplayFormat>Decimal</DisplayFormat>
<AllowRunTimeChanges/>
<RunTimeChangeType>eRunTimeHaltResetWriteRun</RunTimeChangeType>
<TrueValue>1</TrueValue>
<FalseValue>0</FalseValue>
<UpperLimit>50</UpperLimit>
 <LowerLimit>1</LowerLimit>
<UserUpperLimit>50</UserUpperLimit>
<UserLowerLimit>1</UserLowerLimit>
<AbsoluteAddress/>
<FracDenomVal>32768</FracDenomVal>
<EnumValues/>
<EnumNames/>
<IsEnum>false</IsEnum>
<EnumByValues>false</EnumByValues>
<SequenceType>Even</SequenceType>
<SequenceLength>1</SequenceLength>
<ComboFieldGroupName/>
<IsTrue>false</IsTrue>
<VarValueString>3</VarValueString>
<SelectedArrayPath><Item name="root"/><Item name="SnapShotDelay"/></SelectedArrayPath>
<FractionalData>null</FractionalData>
<FractionalIncrement>null</FractionalIncrement>
<IncrementStep>0</IncrementStep>
<UserDescription/>
<Title>SnapShotDelay</Title>
<XAxisLabel>X Axis</XAxisLabel>
<YAxisLabel>Y Axis</YAxisLabel>
<IsPPRSD>false</IsPPRSD>
<IsAutoAssignTitle>true</IsAutoAssignTitle>
<IsDataCapture>false</IsDataCapture>
<IsRunTimeWatch>false</IsRunTimeWatch>
<IsSimulatorRTU>false</IsSimulatorRTU>
<RefreshRate>null</RefreshRate>
<IsStandard>true</IsStandard>
<IsCircular>false</IsCircular>
<EnabledPPRSD>false</EnabledPPRSD>
<EnabledTitle>false</EnabledTitle>
<EnabledDataCapture>false</EnabledDataCapture>
<EnabledRunTimeWatch>false</EnabledRunTimeWatch>
<EnabledSimulatorRTU>false</EnabledSimulatorRTU>
<EnabledSimulatorRTU>false</EnabledSimulatorRTU>
<EnabledCircular>false</EnabledCircular>
<EnabledHistory>false</EnabledHistory>
<EnabledViewScale>false</EnabledViewScale>
<HistoryBL>255</HistoryBL>
<ViewScale>0</ViewScale>
<RequiredResources>Array</RequiredResources>
<SelectedSymbol>SnapShotDelay</SelectedSymbol>
<SelectedArray/>
<Address>0x1488</Address>
 <FirstIndex>0</FirstIndex>
<LastIndex>1</LastIndex>
<SampleCount>2</SampleCount>
<IAddress>false</IAddress>
<eVarType>eDynamic</eVarType>
<eTabType>SLIDER</eTabType>
<IsCheckGraphAChecked>false</IsCheckGraphAChecked>
<IsCheckGraphBChecked>false</IsCheckGraphBChecked>
<IsCheckGraphCChecked>false</IsCheckGraphCChecked>
<IsCheckGraphDChecked>false</IsCheckGraphDChecked>
<IsCheckGraphAEnabled>false</IsCheckGraphAEnabled>
<IsCheckGraphBEnabled>false</IsCheckGraphBEnabled>
<IsCheckGraphCEnabled>false</IsCheckGraphCEnabled>
<IsCheckGraphDEnabled>false</IsCheckGraphDEnabled>
<IsInsertDataCaptureItemManually>false</IsInsertDataCaptureItemManually>
<IsInsertRuntimeWatchItemManually>false</IsInsertRuntimeWatchItemManually>
<SelectedTailPointerPath/>
<SelectedTailPointerSymbol/>
<IsGraphDataFromFile>false</IsGraphDataFromFile>
<IsFullView>false</IsFullView>
<IsHalfView>false</IsHalfView>
<IsMaximize>false</IsMaximize>
<ScaleFactor>1.0</ScaleFactor>
<ScaleOffset>0.0</ScaleOffset>
</Setting><Setting>
 <ID>10</ID>
<VarValue>1</VarValue>
<ArrowIncrement>1</ArrowIncrement>
<PageIncrement>5</PageIncrement>
<AlternateLabel/>
<ApplyRuntime>false</ApplyRuntime>
<DisableRealTime>false</DisableRealTime>
<Enabled>true</Enabled>
<Configured>true</Configured>
<Reset/>
<AllowRefresh>true</AllowRefresh>
<DisableNativeRTNotify>false</DisableNativeRTNotify>
<DataSize>16 Bits</DataSize>
<DataRange>Signed</DataRange>
<DisplayFormat>Decimal</DisplayFormat>
<AllowRunTimeChanges/>
<RunTimeChangeType>eRunTimeHaltResetWriteRun</RunTimeChangeType>
<TrueValue>1</TrueValue>
<FalseValue>0</FalseValue>
<UpperLimit>32767</UpperLimit>
 <LowerLimit>-32768</LowerLimit>
<UserUpperLimit>1</UserUpperLimit>
<UserLowerLimit>0</UserLowerLimit>
<AbsoluteAddress/>
<FracDenomVal>32768</FracDenomVal>
<EnumValues/>
<EnumNames/>
<IsEnum>false</IsEnum>
<EnumByValues>false</EnumByValues>
<SequenceType>Even</SequenceType>
<SequenceLength>1</SequenceLength>
<ComboFieldGroupName/>
<IsTrue>true</IsTrue>
<VarValueString>1</VarValueString>
<SelectedArrayPath><Item name="root"/><Item name="DMCIFlags"/><Item name="Recorder"/></SelectedArrayPath>
<FractionalData>null</FractionalData>
<FractionalIncrement>null</FractionalIncrement>
<IncrementStep>0</IncrementStep>
<UserDescription/>
<Title>DMCIFlags.Recorder</Title>
<XAxisLabel>X Axis</XAxisLabel>
<YAxisLabel>Y Axis</YAxisLabel>
<IsPPRSD>false</IsPPRSD>
<IsAutoAssignTitle>true</IsAutoAssignTitle>
<IsDataCapture>false</IsDataCapture>
<IsRunTimeWatch>false</IsRunTimeWatch>
<IsSimulatorRTU>false</IsSimulatorRTU>
<RefreshRate>null</RefreshRate>
<IsStandard>true</IsStandard>
<IsCircular>false</IsCircular>
<EnabledPPRSD>false</EnabledPPRSD>
<EnabledTitle>false</EnabledTitle>
<EnabledDataCapture>false</EnabledDataCapture>
<EnabledRunTimeWatch>false</EnabledRunTimeWatch>
<EnabledSimulatorRTU>false</EnabledSimulatorRTU>
<EnabledSimulatorRTU>false</EnabledSimulatorRTU>
<EnabledCircular>false</EnabledCircular>
<EnabledHistory>false</EnabledHistory>
<EnabledViewScale>false</EnabledViewScale>
<HistoryBL>255</HistoryBL>
<ViewScale>0</ViewScale>
<RequiredResources>Array</RequiredResources>
<SelectedSymbol>DMCIFlags.Recorder</SelectedSymbol>
<SelectedArray/>
<Address>0x1292</Address>
 <FirstIndex>0</FirstIndex>
<LastIndex>-1</LastIndex>
<SampleCount>0</SampleCount>
<IAddress>false</IAddress>
<eVarType>eDynamic</eVarType>
<eTabType>BOOLEAN</eTabType>
<IsCheckGraphAChecked>false</IsCheckGraphAChecked>
<IsCheckGraphBChecked>false</IsCheckGraphBChecked>
<IsCheckGraphCChecked>false</IsCheckGraphCChecked>
<IsCheckGraphDChecked>false</IsCheckGraphDChecked>
<IsCheckGraphAEnabled>false</IsCheckGraphAEnabled>
<IsCheckGraphBEnabled>false</IsCheckGraphBEnabled>
<IsCheckGraphCEnabled>false</IsCheckGraphCEnabled>
<IsCheckGraphDEnabled>false</IsCheckGraphDEnabled>
<IsInsertDataCaptureItemManually>false</IsInsertDataCaptureItemManually>
<IsInsertRuntimeWatchItemManually>false</IsInsertRuntimeWatchItemManually>
<SelectedTailPointerPath/>
<SelectedTailPointerSymbol/>
<IsGraphDataFromFile>false</IsGraphDataFromFile>
<IsFullView>false</IsFullView>
<IsHalfView>false</IsHalfView>
<IsMaximize>false</IsMaximize>
<ScaleFactor>1.0</ScaleFactor>
<ScaleOffset>0.0</ScaleOffset>
</Setting><Setting>
 <ID>90</ID>
<VarValue>0</VarValue>
<ArrowIncrement>1</ArrowIncrement>
<PageIncrement>5</PageIncrement>
<AlternateLabel/>
<ApplyRuntime>false</ApplyRuntime>
<DisableRealTime>false</DisableRealTime>
<Enabled>true</Enabled>
<Configured>true</Configured>
<Reset/>
<AllowRefresh>true</AllowRefresh>
<DisableNativeRTNotify>false</DisableNativeRTNotify>
<DataSize>16 Bits</DataSize>
<DataRange>Signed</DataRange>
<DisplayFormat>Decimal</DisplayFormat>
<AllowRunTimeChanges/>
<RunTimeChangeType>eRunTimeHaltResetWriteRun</RunTimeChangeType>
<TrueValue>1</TrueValue>
<FalseValue>0</FalseValue>
<UpperLimit>32767</UpperLimit>
 <LowerLimit>-32768</LowerLimit>
<UserUpperLimit>null</UserUpperLimit>
<UserLowerLimit>null</UserLowerLimit>
<AbsoluteAddress/>
<FracDenomVal>32768</FracDenomVal>
<EnumValues/>
<EnumNames/>
<IsEnum>false</IsEnum>
<EnumByValues>false</EnumByValues>
<SequenceType>Even</SequenceType>
<SequenceLength>1</SequenceLength>
<ComboFieldGroupName/>
<IsTrue>false</IsTrue>
<VarValueString/>
<SelectedArrayPath><Item name="root"/><Item name="RecorderBuffer1"/></SelectedArrayPath>
<FractionalData>null</FractionalData>
<FractionalIncrement>null</FractionalIncrement>
<IncrementStep>0</IncrementStep>
<UserDescription/>
<Title>Source Symbol: RecorderBuffer1</Title>
<XAxisLabel>X Axis</XAxisLabel>
<YAxisLabel>Y Axis</YAxisLabel>
<IsPPRSD>false</IsPPRSD>
<IsAutoAssignTitle>true</IsAutoAssignTitle>
<IsDataCapture>false</IsDataCapture>
<IsRunTimeWatch>false</IsRunTimeWatch>
<IsSimulatorRTU>false</IsSimulatorRTU>
<RefreshRate>null</RefreshRate>
<IsStandard>true</IsStandard>
<IsCircular>false</IsCircular>
<EnabledPPRSD>false</EnabledPPRSD>
<EnabledTitle>false</EnabledTitle>
<EnabledDataCapture>true</EnabledDataCapture>
<EnabledRunTimeWatch>true</EnabledRunTimeWatch>
<EnabledSimulatorRTU>false</EnabledSimulatorRTU>
<EnabledSimulatorRTU>false</EnabledSimulatorRTU>
<EnabledCircular>false</EnabledCircular>
<EnabledHistory>false</EnabledHistory>
<EnabledViewScale>false</EnabledViewScale>
<HistoryBL>255</HistoryBL>
<ViewScale>0</ViewScale>
<RequiredResources>Array</RequiredResources>
<SelectedSymbol>RecorderBuffer1</SelectedSymbol>
<SelectedArray/>
<Address>0x1102</Address>
 <FirstIndex>0</FirstIndex>
<LastIndex>49</LastIndex>
<SampleCount>50</SampleCount>
<IAddress>false</IAddress>
<eVarType>eDynamic</eVarType>
<eTabType>GRAPH</eTabType>
<IsCheckGraphAChecked>false</IsCheckGraphAChecked>
<IsCheckGraphBChecked>false</IsCheckGraphBChecked>
<IsCheckGraphCChecked>false</IsCheckGraphCChecked>
<IsCheckGraphDChecked>false</IsCheckGraphDChecked>
<IsCheckGraphAEnabled>false</IsCheckGraphAEnabled>
<IsCheckGraphBEnabled>false</IsCheckGraphBEnabled>
<IsCheckGraphCEnabled>false</IsCheckGraphCEnabled>
<IsCheckGraphDEnabled>false</IsCheckGraphDEnabled>
<IsInsertDataCaptureItemManually>false</IsInsertDataCaptureItemManually>
<IsInsertRuntimeWatchItemManually>false</IsInsertRuntimeWatchItemManually>
<SelectedTailPointerPath/>
<SelectedTailPointerSymbol/>
<IsGraphDataFromFile>false</IsGraphDataFromFile>
<IsFullView>false</IsFullView>
<IsHalfView>false</IsHalfView>
<IsMaximize>false</IsMaximize>
<ScaleFactor>1.0</ScaleFactor>
<ScaleOffset>0.0</ScaleOffset>
</Setting><Setting>
 <ID>91</ID>
<VarValue>0</VarValue>
<ArrowIncrement>1</ArrowIncrement>
<PageIncrement>5</PageIncrement>
<AlternateLabel/>
<ApplyRuntime>false</ApplyRuntime>
<DisableRealTime>false</DisableRealTime>
<Enabled>true</Enabled>
<Configured>true</Configured>
<Reset/>
<AllowRefresh>true</AllowRefresh>
<DisableNativeRTNotify>false</DisableNativeRTNotify>
<DataSize>16 Bits</DataSize>
<DataRange>Signed</DataRange>
<DisplayFormat>Decimal</DisplayFormat>
<AllowRunTimeChanges/>
<RunTimeChangeType>eRunTimeHaltResetWriteRun</RunTimeChangeType>
<TrueValue>1</TrueValue>
<FalseValue>0</FalseValue>
<UpperLimit>32767</UpperLimit>
 <LowerLimit>-32768</LowerLimit>
<UserUpperLimit>null</UserUpperLimit>
<UserLowerLimit>null</UserLowerLimit>
<AbsoluteAddress/>
<FracDenomVal>32768</FracDenomVal>
<EnumValues/>
<EnumNames/>
<IsEnum>false</IsEnum>
<EnumByValues>false</EnumByValues>
<SequenceType>Even</SequenceType>
<SequenceLength>1</SequenceLength>
<ComboFieldGroupName/>
<IsTrue>false</IsTrue>
<VarValueString/>
<SelectedArrayPath><Item name="root"/><Item name="RecorderBuffer2"/></SelectedArrayPath>
<FractionalData>null</FractionalData>
<FractionalIncrement>null</FractionalIncrement>
<IncrementStep>0</IncrementStep>
<UserDescription/>
<Title>Source Symbol: RecorderBuffer2</Title>
<XAxisLabel>X Axis</XAxisLabel>
<YAxisLabel>Y Axis</YAxisLabel>
<IsPPRSD>false</IsPPRSD>
<IsAutoAssignTitle>true</IsAutoAssignTitle>
<IsDataCapture>false</IsDataCapture>
<IsRunTimeWatch>false</IsRunTimeWatch>
<IsSimulatorRTU>false</IsSimulatorRTU>
<RefreshRate>null</RefreshRate>
<IsStandard>true</IsStandard>
<IsCircular>false</IsCircular>
<EnabledPPRSD>false</EnabledPPRSD>
<EnabledTitle>false</EnabledTitle>
<EnabledDataCapture>true</EnabledDataCapture>
<EnabledRunTimeWatch>true</EnabledRunTimeWatch>
<EnabledSimulatorRTU>false</EnabledSimulatorRTU>
<EnabledSimulatorRTU>false</EnabledSimulatorRTU>
<EnabledCircular>false</EnabledCircular>
<EnabledHistory>false</EnabledHistory>
<EnabledViewScale>false</EnabledViewScale>
<HistoryBL>255</HistoryBL>
<ViewScale>0</ViewScale>
<RequiredResources>Array</RequiredResources>
<SelectedSymbol>RecorderBuffer2</SelectedSymbol>
<SelectedArray/>
<Address>0x1166</Address>
 <FirstIndex>0</FirstIndex>
<LastIndex>49</LastIndex>
<SampleCount>50</SampleCount>
<IAddress>false</IAddress>
<eVarType>eDynamic</eVarType>
<eTabType>GRAPH</eTabType>
<IsCheckGraphAChecked>false</IsCheckGraphAChecked>
<IsCheckGraphBChecked>false</IsCheckGraphBChecked>
<IsCheckGraphCChecked>false</IsCheckGraphCChecked>
<IsCheckGraphDChecked>false</IsCheckGraphDChecked>
<IsCheckGraphAEnabled>false</IsCheckGraphAEnabled>
<IsCheckGraphBEnabled>false</IsCheckGraphBEnabled>
<IsCheckGraphCEnabled>false</IsCheckGraphCEnabled>
<IsCheckGraphDEnabled>false</IsCheckGraphDEnabled>
<IsInsertDataCaptureItemManually>false</IsInsertDataCaptureItemManually>
<IsInsertRuntimeWatchItemManually>false</IsInsertRuntimeWatchItemManually>
<SelectedTailPointerPath/>
<SelectedTailPointerSymbol/>
<IsGraphDataFromFile>false</IsGraphDataFromFile>
<IsFullView>false</IsFullView>
<IsHalfView>false</IsHalfView>
<IsMaximize>false</IsMaximize>
<ScaleFactor>1.0</ScaleFactor>
<ScaleOffset>0.0</ScaleOffset>
</Setting><Setting>
 <ID>92</ID>
<VarValue>0</VarValue>
<ArrowIncrement>1</ArrowIncrement>
<PageIncrement>5</PageIncrement>
<AlternateLabel/>
<ApplyRuntime>false</ApplyRuntime>
<DisableRealTime>false</DisableRealTime>
<Enabled>true</Enabled>
<Configured>true</Configured>
<Reset/>
<AllowRefresh>true</AllowRefresh>
<DisableNativeRTNotify>false</DisableNativeRTNotify>
<DataSize>16 Bits</DataSize>
<DataRange>Signed</DataRange>
<DisplayFormat>Decimal</DisplayFormat>
<AllowRunTimeChanges/>
<RunTimeChangeType>eRunTimeHaltResetWriteRun</RunTimeChangeType>
<TrueValue>1</TrueValue>
<FalseValue>0</FalseValue>
<UpperLimit>32767</UpperLimit>
 <LowerLimit>-32768</LowerLimit>
<UserUpperLimit>null</UserUpperLimit>
<UserLowerLimit>null</UserLowerLimit>
<AbsoluteAddress/>
<FracDenomVal>32768</FracDenomVal>
<EnumValues/>
<EnumNames/>
<IsEnum>false</IsEnum>
<EnumByValues>false</EnumByValues>
<SequenceType>Even</SequenceType>
<SequenceLength>1</SequenceLength>
<ComboFieldGroupName/>
<IsTrue>false</IsTrue>
<VarValueString/>
<SelectedArrayPath><Item name="root"/><Item name="RecorderBuffer3"/></SelectedArrayPath>
<FractionalData>null</FractionalData>
<FractionalIncrement>null</FractionalIncrement>
<IncrementStep>0</IncrementStep>
<UserDescription/>
<Title>Source Symbol: RecorderBuffer3</Title>
<XAxisLabel>X Axis</XAxisLabel>
<YAxisLabel>Y Axis</YAxisLabel>
<IsPPRSD>false</IsPPRSD>
<IsAutoAssignTitle>true</IsAutoAssignTitle>
<IsDataCapture>false</IsDataCapture>
<IsRunTimeWatch>false</IsRunTimeWatch>
<IsSimulatorRTU>false</IsSimulatorRTU>
<RefreshRate>null</RefreshRate>
<IsStandard>true</IsStandard>
<IsCircular>false</IsCircular>
<EnabledPPRSD>false</EnabledPPRSD>
<EnabledTitle>false</EnabledTitle>
<EnabledDataCapture>true</EnabledDataCapture>
<EnabledRunTimeWatch>true</EnabledRunTimeWatch>
<EnabledSimulatorRTU>false</EnabledSimulatorRTU>
<EnabledSimulatorRTU>false</EnabledSimulatorRTU>
<EnabledCircular>false</EnabledCircular>
<EnabledHistory>false</EnabledHistory>
<EnabledViewScale>false</EnabledViewScale>
<HistoryBL>255</HistoryBL>
<ViewScale>0</ViewScale>
<RequiredResources>Array</RequiredResources>
<SelectedSymbol>RecorderBuffer3</SelectedSymbol>
<SelectedArray/>
<Address>0x11CA</Address>
 <FirstIndex>0</FirstIndex>
<LastIndex>49</LastIndex>
<SampleCount>50</SampleCount>
<IAddress>false</IAddress>
<eVarType>eDynamic</eVarType>
<eTabType>GRAPH</eTabType>
<IsCheckGraphAChecked>false</IsCheckGraphAChecked>
<IsCheckGraphBChecked>false</IsCheckGraphBChecked>
<IsCheckGraphCChecked>false</IsCheckGraphCChecked>
<IsCheckGraphDChecked>false</IsCheckGraphDChecked>
<IsCheckGraphAEnabled>false</IsCheckGraphAEnabled>
<IsCheckGraphBEnabled>false</IsCheckGraphBEnabled>
<IsCheckGraphCEnabled>false</IsCheckGraphCEnabled>
<IsCheckGraphDEnabled>false</IsCheckGraphDEnabled>
<IsInsertDataCaptureItemManually>false</IsInsertDataCaptureItemManually>
<IsInsertRuntimeWatchItemManually>false</IsInsertRuntimeWatchItemManually>
<SelectedTailPointerPath/>
<SelectedTailPointerSymbol/>
<IsGraphDataFromFile>false</IsGraphDataFromFile>
<IsFullView>false</IsFullView>
<IsHalfView>false</IsHalfView>
<IsMaximize>false</IsMaximize>
<ScaleFactor>1.0</ScaleFactor>
<ScaleOffset>0.0</ScaleOffset>
</Setting><Setting>
 <ID>93</ID>
<VarValue>0</VarValue>
<ArrowIncrement>1</ArrowIncrement>
<PageIncrement>5</PageIncrement>
<AlternateLabel/>
<ApplyRuntime>false</ApplyRuntime>
<DisableRealTime>false</DisableRealTime>
<Enabled>true</Enabled>
<Configured>true</Configured>
<Reset/>
<AllowRefresh>true</AllowRefresh>
<DisableNativeRTNotify>false</DisableNativeRTNotify>
<DataSize>16 Bits</DataSize>
<DataRange>Signed</DataRange>
<DisplayFormat>Decimal</DisplayFormat>
<AllowRunTimeChanges/>
<RunTimeChangeType>eRunTimeHaltResetWriteRun</RunTimeChangeType>
<TrueValue>1</TrueValue>
<FalseValue>0</FalseValue>
<UpperLimit>32767</UpperLimit>
 <LowerLimit>-32768</LowerLimit>
<UserUpperLimit>null</UserUpperLimit>
<UserLowerLimit>null</UserLowerLimit>
<AbsoluteAddress/>
<FracDenomVal>32768</FracDenomVal>
<EnumValues/>
<EnumNames/>
<IsEnum>false</IsEnum>
<EnumByValues>false</EnumByValues>
<SequenceType>Even</SequenceType>
<SequenceLength>1</SequenceLength>
<ComboFieldGroupName/>
<IsTrue>false</IsTrue>
<VarValueString/>
<SelectedArrayPath><Item name="root"/><Item name="RecorderBuffer4"/></SelectedArrayPath>
<FractionalData>null</FractionalData>
<FractionalIncrement>null</FractionalIncrement>
<IncrementStep>0</IncrementStep>
<UserDescription/>
<Title>Source Symbol: RecorderBuffer4</Title>
<XAxisLabel>X Axis</XAxisLabel>
<YAxisLabel>Y Axis</YAxisLabel>
<IsPPRSD>false</IsPPRSD>
<IsAutoAssignTitle>true</IsAutoAssignTitle>
<IsDataCapture>false</IsDataCapture>
<IsRunTimeWatch>false</IsRunTimeWatch>
<IsSimulatorRTU>false</IsSimulatorRTU>
<RefreshRate>null</RefreshRate>
<IsStandard>true</IsStandard>
<IsCircular>false</IsCircular>
<EnabledPPRSD>false</EnabledPPRSD>
<EnabledTitle>false</EnabledTitle>
<EnabledDataCapture>true</EnabledDataCapture>
<EnabledRunTimeWatch>true</EnabledRunTimeWatch>
<EnabledSimulatorRTU>false</EnabledSimulatorRTU>
<EnabledSimulatorRTU>false</EnabledSimulatorRTU>
<EnabledCircular>false</EnabledCircular>
<EnabledHistory>false</EnabledHistory>
<EnabledViewScale>false</EnabledViewScale>
<HistoryBL>255</HistoryBL>
<ViewScale>0</ViewScale>
<RequiredResources>Array</RequiredResources>
<SelectedSymbol>RecorderBuffer4</SelectedSymbol>
<SelectedArray/>
<Address>0x122E</Address>
 <FirstIndex>0</FirstIndex>
<LastIndex>49</LastIndex>
<SampleCount>50</SampleCount>
<IAddress>false</IAddress>
<eVarType>eDynamic</eVarType>
<eTabType>GRAPH</eTabType>
<IsCheckGraphAChecked>false</IsCheckGraphAChecked>
<IsCheckGraphBChecked>false</IsCheckGraphBChecked>
<IsCheckGraphCChecked>false</IsCheckGraphCChecked>
<IsCheckGraphDChecked>false</IsCheckGraphDChecked>
<IsCheckGraphAEnabled>false</IsCheckGraphAEnabled>
<IsCheckGraphBEnabled>false</IsCheckGraphBEnabled>
<IsCheckGraphCEnabled>false</IsCheckGraphCEnabled>
<IsCheckGraphDEnabled>false</IsCheckGraphDEnabled>
<IsInsertDataCaptureItemManually>false</IsInsertDataCaptureItemManually>
<IsInsertRuntimeWatchItemManually>false</IsInsertRuntimeWatchItemManually>
<SelectedTailPointerPath/>
<SelectedTailPointerSymbol/>
<IsGraphDataFromFile>false</IsGraphDataFromFile>
<IsFullView>false</IsFullView>
<IsHalfView>false</IsHalfView>
<IsMaximize>false</IsMaximize>
<ScaleFactor>1.0</ScaleFactor>
<ScaleOffset>0.0</ScaleOffset>
</Setting></Settings><OneTimeSetting>
<TabbedWindow>true</TabbedWindow>
<ForceWindowOnTop>false</ForceWindowOnTop>
<DDIControlGroupNames><Item name="User Defined Group 1"/><Item name="User Defined Group 2"/><Item name="User Defined Group 3"/><Item name="User Defined Group 4"/><Item name="User Defined Group 5"/><Item name="User Defined Group 6"/><Item name="User Defined Group 7"/></DDIControlGroupNames>
<BaudRate>57600</BaudRate>
<Port>COM6</Port>
<SingleCtrlUpdates>true</SingleCtrlUpdates>
<EnableRTDMUpdates>true</EnableRTDMUpdates>
<AutomationRunning>true</AutomationRunning>
<VerticalDimension height="0" width="0">
</VerticalDimension>
<HorizontalDimension height="0" width="0">
</HorizontalDimension>
<VerticalSplitPosition>0</VerticalSplitPosition>
<HorizontalSplitPosition>0</HorizontalSplitPosition>
</OneTimeSetting><AutomatedEventDatas>
<TimerEventDatas><TimerEventData>
<IsSelected>true</IsSelected>
<ControlID>Boolean 1</ControlID>
<SymbolName>DMCIFlags.Recorder</SymbolName>
<Command>On</Command>
<Delay>0</Delay>
</TimerEventData><TimerEventData>
<IsSelected>true</IsSelected>
<ControlID>Graph 1</ControlID>
<SymbolName>RecorderBuffer1</SymbolName>
<Command>Update</Command>
<Delay>0</Delay>
</TimerEventData><TimerEventData>
<IsSelected>true</IsSelected>
<ControlID>Graph 2</ControlID>
<SymbolName>RecorderBuffer2</SymbolName>
<Command>Update</Command>
<Delay>0</Delay>
</TimerEventData><TimerEventData>
<IsSelected>true</IsSelected>
<ControlID>Graph 3</ControlID>
<SymbolName>RecorderBuffer3</SymbolName>
<Command>Update</Command>
<Delay>0</Delay>
</TimerEventData><TimerEventData>
<IsSelected>true</IsSelected>
<ControlID>Graph 4</ControlID>
<SymbolName>RecorderBuffer4</SymbolName>
<Command>Update</Command>
<Delay>0</Delay>
</TimerEventData></TimerEventDatas>
<EnableOperation>true</EnableOperation>
<RepeatInterval>0</RepeatInterval>
<RepeatIntervalText>Inline speed</RepeatIntervalText>
<IsInlineSpeed>true</IsInlineSpeed>
<DurationContinuous>true</DurationContinuous>
<Count>0</Count>
<Counter>0</Counter>
</AutomatedEventDatas><GraphInfo>
<LeftTop>
<Merge>
</Merge>
<Color>
<BGColor>
<R>236</R>
<G>233</G>
<B>216</B>
</BGColor>
<PlotColor>
<R>255</R>
<G>255</G>
<B>255</B>
</PlotColor>
<RangeGridColor>
<R>128</R>
<G>128</G>
<B>128</B>
</RangeGridColor>
<DomainGridColor>
<R>128</R>
<G>128</G>
<B>128</B>
</DomainGridColor>
<TitleColor>
<R>0</R>
<G>0</G>
<B>0</B>
</TitleColor>
<RangeLabelColor>
<R>0</R>
<G>0</G>
<B>0</B>
</RangeLabelColor>
<RangeTickColor>
<R>0</R>
<G>0</G>
<B>255</B>
</RangeTickColor>
<DomainLabelColor>
<R>0</R>
<G>0</G>
<B>0</B>
</DomainLabelColor>
<DomainTickColor>
<R>0</R>
<G>0</G>
<B>255</B>
</DomainTickColor>
<SeriesColor>
<R>255</R>
<G>0</G>
<B>0</B>
</SeriesColor>
</Color>
<Font>
<TitleFont>
<Name>Verdana Bold</Name>
<Size>14</Size>
</TitleFont>


<DomainFont>
<Name>Verdana Bold</Name>
<Size>12</Size>
</DomainFont>

<RangeFont>
<Name>Verdana Bold</Name>
<Size>12</Size>
</RangeFont>
</Font>
<DomainGridVisible>true</DomainGridVisible>
<RangeGridVisible>true</RangeGridVisible>
</LeftTop>
<RightTop>
<Merge>
</Merge>
<Color>
<BGColor>
<R>236</R>
<G>233</G>
<B>216</B>
</BGColor>
<PlotColor>
<R>255</R>
<G>255</G>
<B>255</B>
</PlotColor>
<RangeGridColor>
<R>128</R>
<G>128</G>
<B>128</B>
</RangeGridColor>
<DomainGridColor>
<R>128</R>
<G>128</G>
<B>128</B>
</DomainGridColor>
<TitleColor>
<R>0</R>
<G>0</G>
<B>0</B>
</TitleColor>
<RangeLabelColor>
<R>0</R>
<G>0</G>
<B>0</B>
</RangeLabelColor>
<RangeTickColor>
<R>0</R>
<G>0</G>
<B>255</B>
</RangeTickColor>
<DomainLabelColor>
<R>0</R>
<G>0</G>
<B>0</B>
</DomainLabelColor>
<DomainTickColor>
<R>0</R>
<G>0</G>
<B>255</B>
</DomainTickColor>
<SeriesColor>
<R>0</R>
<G>128</G>
<B>0</B>
</SeriesColor>
</Color>
<Font>
<TitleFont>
<Name>Verdana Bold</Name>
<Size>14</Size>
</TitleFont>


<DomainFont>
<Name>Verdana Bold</Name>
<Size>12</Size>
</DomainFont>

<RangeFont>
<Name>Verdana Bold</Name>
<Size>12</Size>
</RangeFont>
</Font>
<DomainGridVisible>true</DomainGridVisible>
<RangeGridVisible>true</RangeGridVisible>
</RightTop>
<LeftBottom>
<Merge>
</Merge>
<Color>
<BGColor>
<R>236</R>
<G>233</G>
<B>216</B>
</BGColor>
<PlotColor>
<R>255</R>
<G>255</G>
<B>255</B>
</PlotColor>
<RangeGridColor>
<R>128</R>
<G>128</G>
<B>128</B>
</RangeGridColor>
<DomainGridColor>
<R>128</R>
<G>128</G>
<B>128</B>
</DomainGridColor>
<TitleColor>
<R>0</R>
<G>0</G>
<B>0</B>
</TitleColor>
<RangeLabelColor>
<R>0</R>
<G>0</G>
<B>0</B>
</RangeLabelColor>
<RangeTickColor>
<R>0</R>
<G>0</G>
<B>255</B>
</RangeTickColor>
<DomainLabelColor>
<R>0</R>
<G>0</G>
<B>0</B>
</DomainLabelColor>
<DomainTickColor>
<R>0</R>
<G>0</G>
<B>255</B>
</DomainTickColor>
<SeriesColor>
<R>0</R>
<G>0</G>
<B>0</B>
</SeriesColor>
</Color>
<Font>
<TitleFont>
<Name>Verdana Bold</Name>
<Size>14</Size>
</TitleFont>


<DomainFont>
<Name>Verdana Bold</Name>
<Size>12</Size>
</DomainFont>

<RangeFont>
<Name>Verdana Bold</Name>
<Size>12</Size>
</RangeFont>
</Font>
<DomainGridVisible>true</DomainGridVisible>
<RangeGridVisible>true</RangeGridVisible>
</LeftBottom>
<RightBottom>
<Merge>
</Merge>
<Color>
<BGColor>
<R>236</R>
<G>233</G>
<B>216</B>
</BGColor>
<PlotColor>
<R>255</R>
<G>255</G>
<B>255</B>
</PlotColor>
<RangeGridColor>
<R>128</R>
<G>128</G>
<B>128</B>
</RangeGridColor>
<DomainGridColor>
<R>128</R>
<G>128</G>
<B>128</B>
</DomainGridColor>
<TitleColor>
<R>0</R>
<G>0</G>
<B>0</B>
</TitleColor>
<RangeLabelColor>
<R>0</R>
<G>0</G>
<B>0</B>
</RangeLabelColor>
<RangeTickColor>
<R>0</R>
<G>0</G>
<B>255</B>
</RangeTickColor>
<DomainLabelColor>
<R>0</R>
<G>0</G>
<B>0</B>
</DomainLabelColor>
<DomainTickColor>
<R>0</R>
<G>0</G>
<B>255</B>
</DomainTickColor>
<SeriesColor>
<R>0</R>
<G>0</G>
<B>255</B>
</SeriesColor>
</Color>
<Font>
<TitleFont>
<Name>Verdana Bold</Name>
<Size>14</Size>
</TitleFont>


<DomainFont>
<Name>Verdana Bold</Name>
<Size>12</Size>
</DomainFont>

<RangeFont>
<Name>Verdana Bold</Name>
<Size>12</Size>
</RangeFont>
</Font>
<DomainGridVisible>true</DomainGridVisible>
<RangeGridVisible>true</RangeGridVisible>
</RightBottom>
</GraphInfo></DMCISettings>